{
    "basic_statistics": {
        "count": 5,
        "mean": -99.86666666666667,
        "median": -100.0,
        "std": 79.26804035815583,
        "min": -200.0,
        "max": 0.6666666666666663,
        "range": 200.66666666666666,
        "iqr": 100.0
    },
    "t_test": {
        "t_statistic": -2.845342490004834,
        "p_value_one_sided": 0.9766925661624084,
        "conclusion": "Fail to reject H0"
    },
    "analysis_date": "2025-03-10 22:36:44"
}