matchup_id,name,Odds,bet_size,predicted_winner_scaled,implied_probability_scaled,betting_edge
df1,Marvin Vettori,-166,1,0.8815124119220203,0.5996387718242023,0.281873640097818
df4,Alexander Hernandez,-192,3,1.2070391105996519,0.6309403437815976,0.5760987668180543
df5,Cody Gibson,+350,1,0.3225997858103048,0.2132564841498559,0.1093433016604489
df10,Josias Musasa,-650,1,0.9571218274098281,0.8316498316498315,0.12547199575999657
df12,Priscila Cachoeira,+154,1,0.5365834705357978,0.3775334481388264,0.1590500223969714
df14,Yuneisy Duben,+300,2,0.5878077637683452,0.24000000000000005,0.34780776376834516
