{
    "basic_statistics": {
        "count": 129,
        "mean": 1.0188682170542636,
        "median": 1.143,
        "std": 1.1388279637131666,
        "min": 0.0,
        "max": 6.0,
        "range": 6.0,
        "iqr": 1.571
    },
    "t_test": {
        "null_hypothesis_value": 0.96,
        "t_statistic": 0.5871074820499237,
        "p_value_one_sided": 0.2790828410421904,
        "conclusion": "Fail to reject H0"
    },
    "analysis_date": "2025-10-19 19:46:41"
}