{
    "basic_statistics": {
        "count": 131,
        "mean": 1.050412213740458,
        "median": 1.16,
        "std": 1.1680583222413894,
        "min": 0.0,
        "max": 6.0,
        "range": 6.0,
        "iqr": 1.576
    },
    "t_test": {
        "null_hypothesis_value": 0.96,
        "t_statistic": 0.8859275817012492,
        "p_value_one_sided": 0.18864620140849625,
        "conclusion": "Fail to reject H0"
    },
    "analysis_date": "2025-10-28 14:38:17"
}