{
    "basic_statistics": {
        "count": 44,
        "mean": 0.9357954545454544,
        "median": 1.1745,
        "std": 0.942146203524733,
        "min": 0.0,
        "max": 3.15,
        "range": 3.15,
        "iqr": 1.571
    },
    "t_test": {
        "null_hypothesis_value": 0.96,
        "t_statistic": -0.17041388097409535,
        "p_value_one_sided": 0.5672580153748056,
        "conclusion": "Fail to reject H0"
    },
    "analysis_date": "2025-06-01 09:22:55"
}