{
    "basic_statistics": {
        "count": 159,
        "mean": 0.9878364779874212,
        "median": 1.133,
        "std": 1.1253854522470463,
        "min": 0.0,
        "max": 6.0,
        "range": 6.0,
        "iqr": 1.5635
    },
    "t_test": {
        "null_hypothesis_value": 0.96,
        "t_statistic": 0.3118972536369665,
        "p_value_one_sided": 0.3777649056325223,
        "conclusion": "Fail to reject H0"
    },
    "analysis_date": "2026-01-25 00:57:31"
}