{
    "basic_statistics": {
        "count": 11,
        "mean": 0.6627272727272726,
        "median": 0.0,
        "std": 0.965858901797679,
        "min": 0.0,
        "max": 2.54,
        "range": 2.54,
        "iqr": 1.412
    },
    "t_test": {
        "null_hypothesis_value": 0.96,
        "t_statistic": -1.0207930940370575,
        "p_value_one_sided": 0.8342936397311652,
        "conclusion": "Fail to reject H0"
    },
    "analysis_date": "2025-03-23 16:59:05"
}