{
    "basic_statistics": {
        "count": 15,
        "mean": 0.8215999999999999,
        "median": 0.0,
        "std": 0.9757055176347303,
        "min": 0.0,
        "max": 2.54,
        "range": 2.54,
        "iqr": 1.448
    },
    "t_test": {
        "null_hypothesis_value": 0.96,
        "t_statistic": -0.5493674940103948,
        "p_value_one_sided": 0.7042954830541714,
        "conclusion": "Fail to reject H0"
    },
    "analysis_date": "2025-03-30 16:52:05"
}