{
    "basic_statistics": {
        "count": 135,
        "mean": 1.0300296296296296,
        "median": 1.143,
        "std": 1.1615112192950912,
        "min": 0.0,
        "max": 6.0,
        "range": 6.0,
        "iqr": 1.571
    },
    "t_test": {
        "null_hypothesis_value": 0.96,
        "t_statistic": 0.7005276870108028,
        "p_value_one_sided": 0.24240619475600517,
        "conclusion": "Fail to reject H0"
    },
    "analysis_date": "2025-11-02 12:22:30"
}