{
  "analysis_date": "2026-03-15T22:47:34.811443",
  "model": "V1",
  "t_test": {
    "null_hypothesis_value": 0.96,
    "t_statistic": 0.03274550290203478,
    "p_value_one_sided": 0.48695680933340313,
    "conclusion": "Fail to reject H0"
  },
  "overall_performance": {
    "total_bets": 182,
    "total_wins": 94,
    "total_losses": 88,
    "win_rate_pct": 51.65,
    "units_staked": 289.0,
    "net_units": 0.8932255299965348,
    "rtp_pct": 100.31
  },
  "basic_statistics": {
    "count": 182,
    "mean": 0.9627007593121059,
    "median": 1.1165311653116532,
    "std": 1.1126790512297078,
    "min": 0.0,
    "max": 6.0,
    "range": 6.0,
    "iqr": 1.5518018018018018
  },
  "monthly_performance": [
    {
      "month": "2026-03",
      "n_bets": 6,
      "wins": 2,
      "net_units": -4.594949494949495,
      "units_staked": 16.0,
      "win_rate": 0.3333333333333333
    }
  ],
  "calibration": [],
  "bet_size_distribution": {
    "units_by_bucket": {
      "1": 108,
      "2": 41,
      "3": 33
    }
  }
}