{
    "basic_statistics": {
        "count": 6,
        "mean": -1.1481666666666668,
        "median": -1.0,
        "std": 1.365620799001929,
        "min": -3.0,
        "max": 1.111,
        "range": 4.111,
        "iqr": 0.75
    },
    "t_test": {
        "null_hypothesis_value": 0.96,
        "t_statistic": -3.7813810611638967,
        "p_value_one_sided": 0.9935641780401971,
        "conclusion": "Fail to reject H0"
    },
    "analysis_date": "2025-03-11 00:39:21"
}