{
  "analysis_date": "2026-04-19T12:53:30.220362",
  "model": "V1",
  "t_test": {
    "null_hypothesis_value": 0.96,
    "t_statistic": 0.26054558809229794,
    "p_value_one_sided": 0.397355506785026,
    "conclusion": "Fail to reject H0"
  },
  "overall_performance": {
    "total_bets": 201,
    "total_wins": 102,
    "total_losses": 99,
    "win_rate_pct": 50.75,
    "units_staked": 327.0,
    "net_units": 13.372227459966204,
    "rtp_pct": 104.09
  },
  "basic_statistics": {
    "count": 201,
    "mean": 0.98159472698892,
    "median": 1.08110300081103,
    "std": 1.1750653579988315,
    "min": 0.0,
    "max": 6.25,
    "range": 6.25,
    "iqr": 1.5714285714285714
  },
  "monthly_performance": [
    {
      "month": "2026-03",
      "n_bets": 11,
      "wins": 2,
      "net_units": -14.594949494949496,
      "units_staked": 26.0,
      "win_rate": 0.18181818181818182
    },
    {
      "month": "2026-04",
      "n_bets": 14,
      "wins": 8,
      "net_units": 22.479001929969673,
      "units_staked": 28.0,
      "win_rate": 0.5714285714285714
    }
  ],
  "calibration": [
    {
      "prob_bucket": 0.4,
      "n": 5,
      "avg_predicted": 0.45858,
      "actual_win_rate": 0.2
    },
    {
      "prob_bucket": 0.5,
      "n": 6,
      "avg_predicted": 0.5387333333333334,
      "actual_win_rate": 0.16666666666666666
    },
    {
      "prob_bucket": 0.7,
      "n": 6,
      "avg_predicted": 0.7329166666666668,
      "actual_win_rate": 0.8333333333333334
    }
  ],
  "bet_size_distribution": {
    "units_by_bucket": {
      "1": 115,
      "2": 46,
      "3": 40
    }
  }
}