{
    "basic_statistics": {
        "count": 68,
        "mean": 1.0704411764705883,
        "median": 1.1804999999999999,
        "std": 1.1129088466562567,
        "min": 0.0,
        "max": 6.0,
        "range": 6.0,
        "iqr": 1.571
    },
    "t_test": {
        "null_hypothesis_value": 0.96,
        "t_statistic": 0.8183251258606674,
        "p_value_one_sided": 0.20803627456440488,
        "conclusion": "Fail to reject H0"
    },
    "analysis_date": "2025-07-13 13:15:48"
}