{
    "basic_statistics": {
        "count": 114,
        "mean": 1.0292631578947369,
        "median": 1.1604999999999999,
        "std": 1.122139431437288,
        "min": 0.0,
        "max": 6.0,
        "range": 6.0,
        "iqr": 1.536
    },
    "t_test": {
        "null_hypothesis_value": 0.96,
        "t_statistic": 0.6590341058398461,
        "p_value_one_sided": 0.2556073017918593,
        "conclusion": "Fail to reject H0"
    },
    "analysis_date": "2025-09-28 15:41:46"
}