{
    "basic_statistics": {
        "count": 81,
        "mean": 1.0953333333333333,
        "median": 1.2,
        "std": 1.1655370006996775,
        "min": 0.0,
        "max": 6.0,
        "range": 6.0,
        "iqr": 1.571
    },
    "t_test": {
        "null_hypothesis_value": 0.96,
        "t_statistic": 1.045011869437717,
        "p_value_one_sided": 0.14958242841230987,
        "conclusion": "Fail to reject H0"
    },
    "analysis_date": "2025-07-26 18:05:00"
}