{
    "basic_statistics": {
        "count": 21,
        "mean": 0.8814285714285715,
        "median": 0.0,
        "std": 1.0476299714798434,
        "min": 0.0,
        "max": 3.15,
        "range": 3.15,
        "iqr": 1.488
    },
    "t_test": {
        "null_hypothesis_value": 0.96,
        "t_statistic": -0.34368959335974364,
        "p_value_one_sided": 0.632666709148738,
        "conclusion": "Fail to reject H0"
    },
    "analysis_date": "2025-04-06 17:44:44"
}