{
    "basic_statistics": {
        "count": 34,
        "mean": 0.8616764705882353,
        "median": 0.5555,
        "std": 0.9677088755997014,
        "min": 0.0,
        "max": 3.15,
        "range": 3.15,
        "iqr": 1.48075
    },
    "t_test": {
        "null_hypothesis_value": 0.96,
        "t_statistic": -0.5924506683646086,
        "p_value_one_sided": 0.721206531142198,
        "conclusion": "Fail to reject H0"
    },
    "analysis_date": "2025-05-04 09:57:49"
}