{
  "analysis_date": "2026-04-26T12:57:34.049302",
  "model": "V1",
  "t_test": {
    "null_hypothesis_value": 0.96,
    "t_statistic": 0.5589390966143041,
    "p_value_one_sided": 0.2884096764251277,
    "conclusion": "Fail to reject H0"
  },
  "overall_performance": {
    "total_bets": 204,
    "total_wins": 105,
    "total_losses": 99,
    "win_rate_pct": 51.47,
    "units_staked": 333.0,
    "net_units": 24.402227459966205,
    "rtp_pct": 107.33
  },
  "basic_statistics": {
    "count": 204,
    "mean": 1.0063751966900634,
    "median": 1.1165311653116532,
    "std": 1.1850491405156416,
    "min": 0.0,
    "max": 6.25,
    "range": 6.25,
    "iqr": 1.6103921189878307
  },
  "monthly_performance": [
    {
      "month": "2026-03",
      "n_bets": 11,
      "wins": 2,
      "net_units": -14.594949494949496,
      "units_staked": 26.0,
      "win_rate": 0.18181818181818182
    },
    {
      "month": "2026-04",
      "n_bets": 17,
      "wins": 11,
      "net_units": 33.50900192996967,
      "units_staked": 34.0,
      "win_rate": 0.6470588235294118
    }
  ],
  "calibration": [
    {
      "prob_bucket": 0.4,
      "n": 5,
      "avg_predicted": 0.45858,
      "actual_win_rate": 0.2
    },
    {
      "prob_bucket": 0.5,
      "n": 8,
      "avg_predicted": 0.540575,
      "actual_win_rate": 0.375
    },
    {
      "prob_bucket": 0.7,
      "n": 7,
      "avg_predicted": 0.7298000000000001,
      "actual_win_rate": 0.8571428571428571
    }
  ],
  "bet_size_distribution": {
    "units_by_bucket": {
      "1": 116,
      "2": 47,
      "3": 41
    }
  }
}