{
    "basic_statistics": {
        "count": 30,
        "mean": -1.148162037037037,
        "median": -1.0,
        "std": 1.2734565317892061,
        "min": -3.0,
        "max": 1.1111111111111112,
        "range": 4.111111111111111,
        "iqr": 1.0
    },
    "t_test": {
        "t_statistic": NaN,
        "p_value_one_sided": NaN,
        "conclusion": "Fail to reject H0"
    },
    "analysis_date": "2025-03-11 00:22:02"
}