{
    "basic_statistics": {
        "count": 6,
        "mean": -1.5,
        "median": -1.0,
        "std": 0.8366600265340756,
        "min": -3.0,
        "max": -1.0,
        "range": 2.0,
        "iqr": 0.75
    },
    "t_test": {
        "null_hypothesis_value": 0,
        "t_statistic": -4.391550328268399,
        "p_value_one_sided": 0.9964612010372509,
        "conclusion": "Fail to reject H0"
    },
    "analysis_date": "2025-03-12 02:59:22"
}