{
  "analysis_date": "2026-03-15T22:33:10.920641",
  "model": "V1",
  "t_test": {
    "null_hypothesis_value": 0.96,
    "t_statistic": -0.28574772258528025,
    "p_value_one_sided": 0.6067344157831527,
    "conclusion": "Fail to reject H0"
  },
  "overall_performance": {
    "total_bets": 6,
    "total_wins": 2,
    "total_losses": 4,
    "win_rate_pct": 33.33,
    "units_staked": 16.0,
    "net_units": -4.594949494949495,
    "rtp_pct": 71.28
  },
  "basic_statistics": {
    "count": 6,
    "mean": 0.8008417508417508,
    "median": 0.0,
    "std": 1.3643380785864694,
    "min": 0.0,
    "max": 3.3,
    "range": 3.3,
    "iqr": 1.128787878787879
  },
  "monthly_performance": [
    {
      "month": "2026-03",
      "n_bets": 6,
      "wins": 2,
      "net_units": -4.594949494949495,
      "units_staked": 16.0,
      "win_rate": 0.3333333333333333
    }
  ],
  "calibration": [],
  "bet_size_distribution": {
    "units_by_bucket": {
      "1": 1,
      "3": 5
    }
  }
}